UserId,FirstName,LastName,Version,InsuranceCompany
1,James,Butt,1,CIGNA
2,Josephine,Darakjy,1,CIGNA
3,Art,Venere,1,CIGNA
4,Lenna,Paprocki,1,CIGNA
5,Donette,Foller,1,CIGNA
6,Simona,Morasca,1,CIGNA
7,Mitsue,Tollner,1,CIGNA
8,Leota,Dilliard,1,CIGNA
9,Sage,Wieser,1,CIGNA
10,Kris,Marrier,1,CIGNA
11,Minna,Amigon,1,CIGNA
12,Abel,Maclead,1,CIGNA
13,Kiley,Caldarera,1,CIGNA
14,Graciela,Ruta,1,CIGNA
15,Cammy,Albares,1,CIGNA
16,Mattie,Poquette,1,CIGNA
17,Meaghan,Garufi,1,CIGNA
18,Gladys,Rim,1,CIGNA
19,Yuki,Whobrey,1,CIGNA
20,Fletcher,Flosi,1,CIGNA
